tag,pae_interaction,rmsd_binder,rank
design_0049_mpnn01,3.01,1.22,1
design_0015_mpnn02,3.01,1.34,2
design_0042_mpnn03,3.35,0.92,3
design_0001_mpnn02,3.4,0.94,4
design_0011_mpnn03,3.95,1.52,5
design_0031_mpnn02,4.09,1.77,6
design_0032_mpnn00,4.1,0.98,7
design_0005_mpnn02,4.2,1.04,8
design_0028_mpnn03,4.2,0.89,9
design_0016_mpnn03,4.28,1.86,10
design_0011_mpnn00,4.36,0.45,11
design_0003_mpnn01,4.39,0.61,12
design_0022_mpnn00,4.45,1.68,13
design_0005_mpnn03,4.52,1.19,14
design_0044_mpnn03,4.63,1.69,15
design_0013_mpnn01,4.67,1.69,16
design_0019_mpnn01,4.82,1.02,17
design_0048_mpnn01,4.91,1.65,18
design_0034_mpnn01,5.01,0.67,19
design_0038_mpnn00,5.22,0.71,20
design_0027_mpnn01,5.32,1.25,21
design_0007_mpnn01,5.45,1.51,22
design_0023_mpnn02,5.85,1.74,23
design_0018_mpnn02,6.02,1.3,24
design_0021_mpnn00,6.21,0.72,25
design_0001_mpnn01,6.28,1.92,26
design_0005_mpnn01,6.42,1.23,27
design_0008_mpnn01,6.44,0.4,28
design_0019_mpnn03,6.45,1.0,29
design_0029_mpnn01,6.53,0.68,30
design_0030_mpnn03,6.58,1.57,31
design_0039_mpnn00,6.74,0.63,32
design_0009_mpnn03,6.97,1.09,33
design_0000_mpnn01,7.13,1.01,34
design_0016_mpnn01,7.61,0.49,35
design_0047_mpnn03,7.64,1.61,36
design_0008_mpnn02,7.73,1.16,37
design_0002_mpnn03,8.1,0.8,38
design_0046_mpnn03,8.46,0.52,39
design_0032_mpnn03,8.54,0.8,40
design_0006_mpnn01,8.55,0.97,41
design_0010_mpnn02,8.99,1.0,42
design_0025_mpnn03,9.02,0.49,43
design_0023_mpnn00,9.04,1.39,44
design_0048_mpnn00,9.04,1.25,45
design_0001_mpnn00,9.33,0.4,46
design_0023_mpnn03,9.33,1.19,47
design_0022_mpnn01,9.35,1.79,48
design_0018_mpnn00,9.35,0.98,49
design_0036_mpnn00,9.35,1.19,50
design_0037_mpnn00,9.42,0.33,51
design_0019_mpnn00,9.57,1.96,52
design_0026_mpnn02,9.83,1.65,53
design_0042_mpnn01,9.9,1.28,54
